Driver,TeamName,DriverNumber,FP1,FP2,FP3,Q1,Q2,Actual_Q3,Predicted_Q3
Charles Leclerc,Ferrari,16,86.888,85.599,85.571,85.211,84.517,84.092,83.97405532615883
Sergio Perez,Red Bull Racing,11,86.967,85.852,84.982,84.82,84.419,84.052,84.06545933337739
Lewis Hamilton,Mercedes,44,86.633,85.761,85.222,85.594,84.774,84.508,84.30445600849743
George Russell,Mercedes,63,86.853,85.487,85.395,85.545,84.94,84.511,84.56618402598139
Esteban Ocon,Alpine,31,87.891,86.038,86.073,85.735,85.007,84.83,84.69603794692031
Daniel Ricciardo,McLaren,3,87.619,86.124,85.95,85.766,85.068,85.045,84.73326689447569
Sebastian Vettel,Aston Martin,5,87.268,86.395,86.012,85.523,84.974,84.961,84.9112035235558
Yuki Tsunoda,AlphaTauri,22,87.991,86.68,86.17,85.63,85.219,q3 time invalid,85.06722197706657
