Driver,TeamName,DriverNumber,FP1,FP2,FP3,Q1,Q2,Actual_Q3,Predicted_Q3
George Russell,Mercedes,63,86.072,85.122,84.418,84.337,84.013,83.788,82.64321240456859
Oscar Piastri,McLaren,81,86.665,85.361,84.81,84.487,84.278,83.782,82.95895612661828
Lance Stroll,Aston Martin,18,86.631,85.492,85.405,84.405,84.422,q3 time invalid,83.27341261431438
Daniel Ricciardo,AlphaTauri,3,86.433,85.467,85.597,84.461,84.442,q3 time invalid,83.33266748748248
Yuki Tsunoda,AlphaTauri,22,86.725,85.669,85.222,84.286,84.207,83.968,83.35891324800274
Pierre Gasly,Alpine,10,86.72,85.321,85.303,84.6,84.078,84.548,83.82914248325623
